month,layoff_events,known_layoff_count,known_count_events,companies,unemployment_rate,jolts_job_openings_k,initial_jobless_claims_k,information_sector_emp_k,computer_math_emp_k,financial_emp_k,openings_per_unemployed,tech_emp_yoy_pct,claims_4w_avg,news_count,avg_sentiment,negative_news,positive_news,layoff_news,hiring_news,negative_share_pct,layoff_events_3m_avg,known_layoff_count_3m_avg,claims_4w_avg_k,initial_jobless_claims_k_scaled
2020-01-01,0.0,0.0,0.0,0.0,3.6,7124.0,215500.0,2901.0,4275.0,8833.0,1978.889,,215500.0,0.0,,0.0,0.0,0.0,0.0,0.0,0.0,0.0,215.5,215.5
2020-02-01,0.0,0.0,0.0,0.0,3.5,6966.0,210200.0,2910.0,4378.0,8872.0,1990.286,,209650.0,0.0,,0.0,0.0,0.0,0.0,0.0,0.0,0.0,209.65,210.2
2020-03-01,102.0,7755.0,77.0,101.0,4.4,5894.0,1911200.0,2902.0,5763.0,8855.0,1339.545,0.03,778750.0,0.0,,0.0,0.0,0.0,0.0,0.0,34.0,2585.0,778.75,1911.2
2020-04-01,87.0,10659.0,61.0,87.0,14.8,4606.0,4919800.0,2643.0,10880.0,8592.0,311.216,-9.064,4936300.0,0.0,,0.0,0.0,0.0,0.0,0.0,63.0,6138.0,4936.3,4919.8
2020-05-01,33.0,6154.0,26.0,33.0,13.199999999999998,5612.0,2385500.0,2609.0,10627.0,8607.0,425.152,-10.18,2913583.3333333335,0.0,,0.0,0.0,0.0,0.0,0.0,74.0,8189.333333333333,2913.5833333333335,2385.5
2020-06-01,19.0,2063.0,12.0,19.0,11.0,6129.0,1520000.0,2622.0,9109.0,8622.0,557.182,-2.5620000000000003,1629500.0,0.0,,0.0,0.0,0.0,0.0,0.0,46.333333333333336,6292.0,1629.5,1520.0
2020-07-01,10.0,1436.0,7.0,10.0,10.2,6530.0,1396000.0,2622.0,8418.0,8623.0,640.196,0.242,1431550.0,0.0,,0.0,0.0,0.0,0.0,0.0,20.666666666666668,3217.6666666666665,1431.55,1396.0
2020-08-01,6.0,1000.0,1.0,6.0,8.4,6429.0,922400.0,2640.0,7553.0,8649.0,765.357,0.8899999999999999,1058000.0,0.0,,0.0,0.0,0.0,0.0,0.0,11.666666666666666,1499.6666666666667,1058.0,922.4
2020-09-01,3.0,47.0,1.0,3.0,7.8,6511.0,857600.0,2695.0,6283.0,8674.0,834.744,2.78,875500.0,0.0,,0.0,0.0,0.0,0.0,0.0,6.333333333333333,827.6666666666666,875.5,857.6
2020-10-01,5.0,110.0,3.0,5.0,6.900000000000001,6798.0,795333.3333333334,2684.0,6657.0,8691.0,985.217,1.8999999999999997,807375.0,0.0,,0.0,0.0,0.0,0.0,0.0,4.666666666666667,385.6666666666667,807.375,795.3333333333334
2020-11-01,6.0,172.0,2.0,6.0,6.7,6820.0,755600.0,2696.0,6635.0,8706.0,1017.9100000000001,0.45600000000000007,762600.0,0.0,,0.0,0.0,0.0,0.0,0.0,4.666666666666667,109.66666666666667,762.6,755.6
2020-12-01,2.0,132.0,2.0,2.0,6.7,6773.0,816800.0,2712.0,6142.0,8718.0,1010.896,0.958,801800.0,0.0,,0.0,0.0,0.0,0.0,0.0,4.333333333333333,138.0,801.8,816.8
2021-01-01,4.0,3172.0,4.0,4.0,6.400000000000001,7162.0,818666.6666666666,2747.0,5948.0,8722.0,1119.062,2.0433333333333334,818000.0,0.0,,0.0,0.0,0.0,0.0,0.0,4.0,1158.6666666666667,818.0,818.6666666666666
2021-02-01,1.0,0.0,0.0,1.0,6.2,7827.0,764600.0,2764.0,6066.0,8718.0,1262.419,2.04,791250.0,0.0,,0.0,0.0,0.0,0.0,0.0,2.3333333333333335,1101.3333333333333,791.25,764.6
2021-03-01,1.0,0.0,0.0,1.0,6.1,8499.0,676200.0,2770.0,5784.0,8736.0,1393.279,1.1,695750.0,0.0,,0.0,0.0,0.0,0.0,0.0,2.0,1057.3333333333333,695.75,676.2
2021-04-01,3.0,101.0,2.0,3.0,6.1,9346.0,602800.0,2796.0,5222.0,8750.0,1532.131,1.408,627900.0,0.0,,0.0,0.0,0.0,0.0,0.0,1.6666666666666667,33.666666666666664,627.9,602.8
2021-05-01,0.0,0.0,0.0,0.0,5.8,9954.0,469200.0,2816.0,5245.0,8761.0,1716.2069999999999,1.748,508950.0,0.0,,0.0,0.0,0.0,0.0,0.0,1.3333333333333333,33.666666666666664,508.95,469.2
2021-06-01,0.0,0.0,0.0,0.0,5.9,10319.0,413000.0,2824.0,4651.0,8773.0,1748.9829999999997,1.3800000000000001,425700.0,0.0,,0.0,0.0,0.0,0.0,0.0,1.0,33.666666666666664,425.7,413.0
2021-07-01,0.0,0.0,0.0,0.0,5.400000000000001,10983.0,369666.6666666667,2881.0,4455.0,8808.0,2033.889,2.5533333333333332,373500.0,0.0,,0.0,0.0,0.0,0.0,0.0,0.0,0.0,373.5,369.6666666666667
2021-08-01,2.0,67.0,2.0,2.0,5.1,10872.0,363600.0,2903.0,4456.0,8826.0,2131.765,2.8579999999999997,370700.0,0.0,,0.0,0.0,0.0,0.0,0.0,0.6666666666666666,22.333333333333332,370.7,363.6
2021-09-01,5.0,161.0,2.0,5.0,4.7,10834.0,354400.0,2917.0,4476.0,8851.0,2305.106,1.658,351450.0,0.0,,0.0,0.0,0.0,0.0,0.0,2.3333333333333335,76.0,351.45,354.4
2021-10-01,0.0,0.0,0.0,0.0,4.5,11238.0,299500.0,2938.0,4414.0,8879.0,2497.333,1.4666666666666668,324125.0,0.0,,0.0,0.0,0.0,0.0,0.0,2.3333333333333335,76.0,324.125,299.5
2021-11-01,1.0,70.0,1.0,1.0,4.1,11199.0,241400.0,2957.0,4301.0,8911.0,2731.463,1.4680000000000002,253850.0,0.0,,0.0,0.0,0.0,0.0,0.0,2.0,77.0,253.85,241.4
2021-12-01,0.0,0.0,0.0,0.0,3.9,11520.0,217200.0,2967.0,3949.0,8938.0,2953.846,1.134,219850.0,0.0,,0.0,0.0,0.0,0.0,0.0,0.3333333333333333,23.333333333333332,219.85,217.2
2022-01-01,3.0,510.0,3.0,3.0,4.0,11210.0,239200.0,2984.0,3720.0,8934.0,2802.5,1.174,233650.0,0.0,,0.0,0.0,0.0,0.0,0.0,1.3333333333333333,193.33333333333334,233.65,239.2
2022-02-01,3.0,230.0,2.0,3.0,3.9,11698.0,221400.0,2990.0,4105.0,8976.0,2999.487,0.916,227050.0,0.0,,0.0,0.0,0.0,0.0,0.0,2.0,246.66666666666666,227.05,221.4
2022-03-01,5.0,715.0,3.0,5.0,3.7,12301.0,213600.0,3018.0,4137.0,9002.0,3324.595,1.3719999999999999,215250.0,0.0,,0.0,0.0,0.0,0.0,0.0,3.6666666666666665,485.0,215.25,213.6
2022-04-01,14.0,1388.0,10.0,14.0,3.7000000000000006,11861.0,213166.66666666666,3034.0,4013.0,9037.0,3205.676,1.54,212791.66666666666,0.0,,0.0,0.0,0.0,0.0,0.0,7.333333333333333,777.6666666666666,212.79166666666666,213.16666666666666
2022-05-01,24.0,1537.0,18.0,24.0,3.6,11535.0,211400.0,3057.0,4314.0,9049.0,3204.167,1.48,213300.0,0.0,,0.0,0.0,0.0,0.0,0.0,14.333333333333334,1213.3333333333333,213.3,211.4
2022-06-01,72.0,6050.0,52.0,72.0,3.6,11283.0,209800.0,3076.0,3652.0,9059.0,3134.167,1.488,208250.0,0.0,,0.0,0.0,0.0,0.0,0.0,36.666666666666664,2991.6666666666665,208.25,209.8
2022-07-01,71.0,4849.0,43.0,71.0,3.5,11576.0,217166.66666666666,3094.0,3934.0,9073.0,3307.429,1.4666666666666668,214375.0,0.0,,0.0,0.0,0.0,0.0,0.0,55.666666666666664,4145.333333333333,214.375,217.16666666666666
2022-08-01,48.0,4172.0,31.0,48.0,3.6,10092.0,218800.0,3097.0,4131.0,9092.0,2803.333,0.806,221900.0,0.0,,0.0,0.0,0.0,0.0,0.0,63.666666666666664,5023.666666666667,221.9,218.8
2022-09-01,30.0,2872.0,17.0,30.0,3.5,10800.0,200000.0,3095.0,3869.0,9097.0,3085.714,0.148,205550.0,0.0,,0.0,0.0,0.0,0.0,0.0,49.666666666666664,3964.3333333333335,205.55,200.0
2022-10-01,43.0,6945.0,32.0,43.0,3.6,10447.0,202600.0,3100.0,3676.0,9122.0,2901.944,0.136,200600.0,0.0,,0.0,0.0,0.0,0.0,0.0,40.333333333333336,4663.0,200.6,202.6
2022-11-01,69.0,22681.0,39.0,67.0,3.6,10632.0,209000.0,3115.0,3718.0,9136.0,2953.333,0.622,205600.0,3.0,-0.031766666666666665,1.0,1.0,3.0,0.0,33.33333333333333,47.333333333333336,10832.666666666666,205.6,209.0
2022-12-01,21.0,1447.0,14.0,21.0,3.5,10902.0,208333.33333333334,3092.0,3891.0,9146.0,3114.857,-0.20666666666666667,209958.33333333334,2.0,-0.2787,1.0,0.0,2.0,0.0,50.0,44.333333333333336,10357.666666666666,209.95833333333334,208.33333333333334
2023-01-01,103.0,41855.0,58.0,103.0,3.5,10318.0,204600.0,3061.0,4042.0,9144.0,2948.0,-1.636,205900.0,3.0,0.016633333333333333,1.0,1.0,3.0,0.0,33.33333333333333,64.33333333333333,21994.333333333332,205.9,204.6
2023-02-01,61.0,9370.0,40.0,61.0,3.6,9857.0,211800.0,3048.0,4042.0,9152.0,2738.056,-1.566,208650.0,1.0,0.0,0.0,0.0,1.0,0.0,0.0,61.666666666666664,17557.333333333332,208.65,211.8
2023-03-01,42.0,27035.0,30.0,42.0,3.5,9655.0,224600.0,3049.0,4076.0,9150.0,2758.571,-0.7899999999999999,219150.0,2.0,0.1562,1.0,1.0,1.0,1.0,50.0,68.66666666666667,26086.666666666668,219.15,224.6
2023-04-01,34.0,5630.0,26.0,34.0,3.4,9966.0,216400.0,3043.0,3882.0,9180.0,2931.176,-0.33199999999999996,221600.0,1.0,-0.128,1.0,0.0,0.0,1.0,100.0,45.666666666666664,14011.666666666666,221.6,216.4
2023-05-01,29.0,4601.0,15.0,29.0,3.6,9368.0,223400.0,3034.0,3734.0,9175.0,2602.222,-0.47800000000000004,219100.0,1.0,-0.2732,1.0,0.0,1.0,0.0,100.0,35.0,12422.0,219.1,223.4
2023-06-01,49.0,3848.0,26.0,49.0,3.6,9180.0,246400.0,3021.0,4218.0,9182.0,2550.0,-0.8,240600.0,1.0,-0.296,1.0,0.0,1.0,0.0,100.0,37.333333333333336,4693.0,240.6,246.4
2023-07-01,36.0,2288.0,21.0,36.0,3.5,8657.0,235200.0,3001.0,4009.0,9193.0,2473.429,-1.206,239050.0,1.0,0.3794,0.0,1.0,0.0,1.0,0.0,38.0,3579.0,239.05,235.2
2023-08-01,27.0,2427.0,16.0,27.0,3.7,9254.0,243600.0,2981.0,4215.0,9193.0,2501.081,-1.492,242350.0,1.0,0.2023,0.0,1.0,0.0,1.0,0.0,37.333333333333336,2854.3333333333335,242.35,243.6
2023-09-01,24.0,2607.0,15.0,24.0,3.7000000000000006,9259.0,221166.66666666666,2975.0,4088.0,9186.0,2502.432,-1.0866666666666667,226958.33333333334,1.0,0.0,0.0,0.0,1.0,0.0,0.0,29.0,2440.6666666666665,226.95833333333334,221.16666666666666
2023-10-01,27.0,2218.0,15.0,27.0,3.9,8580.0,211400.0,2951.0,4293.0,9179.0,2200.0,-1.142,212000.0,1.0,-0.2732,1.0,0.0,1.0,0.0,100.0,26.0,2417.3333333333335,212.0,211.4
2023-11-01,24.0,4109.0,9.0,23.0,3.7,8602.0,217800.0,2962.0,4008.0,9172.0,2324.865,-0.48,217000.0,1.0,-0.2732,1.0,0.0,1.0,0.0,100.0,25.0,2978.0,217.0,217.8
2023-12-01,20.0,2302.0,9.0,20.0,3.7999999999999994,8520.0,208666.66666666666,2963.0,4223.0,9176.0,2242.105,0.13999999999999999,211250.0,1.0,-0.296,1.0,0.0,1.0,0.0,100.0,23.666666666666668,2876.3333333333335,211.25,208.66666666666666
2024-01-01,42.0,11936.0,26.0,41.0,3.7,8378.0,209200.0,2963.0,4418.0,9165.0,2264.324,0.10600000000000001,204800.0,1.0,-0.296,1.0,0.0,1.0,0.0,100.0,28.666666666666668,6115.666666666667,204.8,209.2
2024-02-01,30.0,9466.0,19.0,29.0,3.9,8440.0,213200.0,2958.0,4349.0,9151.0,2164.103,-0.164,216600.0,1.0,0.0,0.0,0.0,1.0,0.0,0.0,30.666666666666668,7901.333333333333,216.6,213.2
2024-03-01,13.0,6326.0,8.0,13.0,3.9,8206.0,214666.66666666666,2951.0,4293.0,9149.0,2104.103,-0.4000000000000001,212291.66666666666,1.0,0.0,0.0,0.0,1.0,0.0,0.0,28.333333333333332,9242.666666666666,212.29166666666666,214.66666666666666
2024-04-01,19.0,15371.0,7.0,17.0,3.9,7529.0,212800.0,2940.0,4457.0,9144.0,1930.5129999999997,-0.6439999999999999,215750.0,1.0,-0.128,1.0,0.0,1.0,0.0,100.0,20.666666666666668,10387.666666666666,215.75,212.8
2024-05-01,22.0,3412.0,14.0,22.0,3.9,7782.0,219000.0,2930.0,4416.0,9147.0,1995.3849999999998,-0.758,215850.0,2.0,-0.28595,1.0,0.0,1.0,0.0,50.0,18.0,8369.666666666666,215.85,219.0
2024-06-01,17.0,2053.0,11.0,16.0,4.1,7416.0,234800.0,2930.0,4236.0,9159.0,1808.78,-0.488,229700.0,2.0,-0.148,1.0,0.0,1.0,0.0,50.0,19.333333333333332,6945.333333333333,229.7,234.8
2024-07-01,13.0,989.0,7.0,13.0,4.2,7426.0,237400.0,2917.0,4569.0,9154.0,1768.095,-0.576,235250.0,1.0,-0.128,1.0,0.0,1.0,0.0,100.0,17.333333333333332,2151.3333333333335,235.25,237.4
2024-08-01,20.0,1243.0,12.0,20.0,4.2,7520.0,233500.0,2909.0,4828.0,9162.0,1790.4759999999999,-0.7200000000000001,236916.66666666666,1.0,-0.2732,1.0,0.0,1.0,0.0,100.0,16.666666666666668,1428.3333333333333,236.91666666666666,233.5
2024-09-01,10.0,173.0,5.0,10.0,4.1,6943.0,225000.0,2903.0,4643.0,9162.0,1693.4150000000002,-0.568,226550.0,1.0,0.0,0.0,0.0,1.0,0.0,0.0,14.333333333333334,801.6666666666666,226.55,225.0
2024-10-01,19.0,1842.0,9.0,19.0,4.1,7379.0,234400.0,2887.0,4566.0,9164.0,1799.756,-0.8140000000000001,234100.0,0.0,,0.0,0.0,0.0,0.0,0.0,16.333333333333332,1086.0,234.1,234.4
2024-11-01,8.0,1472.0,4.0,8.0,4.2,7566.0,219166.66666666666,2885.0,4463.0,9173.0,1801.429,-0.69,220500.0,0.0,,0.0,0.0,0.0,0.0,0.0,12.333333333333334,1162.3333333333333,220.5,219.16666666666666
2024-12-01,3.0,0.0,0.0,3.0,4.1,7295.0,222600.0,2895.0,4361.0,9179.0,1779.268,0.168,223800.0,0.0,,0.0,0.0,0.0,0.0,0.0,10.0,1104.6666666666667,223.8,222.6
2025-01-01,12.0,734.0,6.0,12.0,4.0,7431.0,214400.0,2877.0,4478.0,9187.0,1857.75,-0.29400000000000004,214150.0,1.0,-0.296,1.0,0.0,1.0,0.0,100.0,7.666666666666667,735.3333333333334,214.15,214.4
2025-02-01,14.0,7636.0,10.0,14.0,4.2,7242.0,225000.0,2876.0,4923.0,9199.0,1724.286,-0.485,219750.0,1.0,0.0,0.0,0.0,0.0,1.0,0.0,9.666666666666666,2790.0,219.75,225.0
2025-03-01,9.0,1762.0,8.0,9.0,4.2,6952.0,223000.0,2867.0,4771.0,9201.0,1655.238,-0.722,225600.0,1.0,0.0,0.0,0.0,0.0,1.0,0.0,11.666666666666666,3377.3333333333335,225.6,223.0
2025-04-01,13.0,23431.0,8.0,13.0,4.2,7098.0,224600.0,2865.0,4686.0,9205.0,1690.0,-0.404,222150.0,3.0,-0.31066666666666665,3.0,0.0,3.0,0.0,100.0,12.0,10943.0,222.15,224.6
2025-05-01,8.0,6265.0,4.0,8.0,4.3,7310.0,233000.0,2864.0,4624.0,9211.0,1700.0,-0.20666666666666667,231041.66666666666,0.0,,0.0,0.0,0.0,0.0,0.0,10.0,10486.0,231.04166666666666,233.0
2025-06-01,7.0,571.0,4.0,7.0,4.1,7204.0,240000.0,2863.0,4473.0,9204.0,1757.0729999999999,-0.084,241050.0,0.0,,0.0,0.0,0.0,0.0,0.0,9.333333333333334,10089.0,241.05,240.0
2025-07-01,10.0,548.0,5.0,10.0,4.3,7089.0,223400.0,2861.0,4689.0,9204.0,1648.605,-0.10800000000000001,228100.0,0.0,,0.0,0.0,0.0,0.0,0.0,8.333333333333334,2461.3333333333335,228.1,223.4
2025-08-01,11.0,4857.0,7.0,10.0,4.3,6919.0,227833.33333333334,2860.0,4755.0,9185.0,1609.07,-0.11333333333333334,224291.66666666666,0.0,,0.0,0.0,0.0,0.0,0.0,9.333333333333334,1992.0,224.29166666666666,227.83333333333334
2025-09-01,1.0,80.0,1.0,1.0,4.4,7169.0,234400.0,2859.0,4594.0,9189.0,1629.318,-0.084,237050.0,0.0,,0.0,0.0,0.0,0.0,0.0,7.333333333333333,1828.3333333333333,237.05,234.4
2025-10-01,14.0,17670.0,11.0,14.0,4.4,7170.0,226400.0,2853.0,4594.0,9184.0,1629.545,-0.248,226350.0,0.0,,0.0,0.0,0.0,0.0,0.0,8.666666666666666,7535.666666666667,226.35,226.4
2025-11-01,6.0,4342.0,4.0,6.0,4.5,6846.0,222400.0,2848.0,5487.0,9185.0,1521.333,-0.396,224450.0,0.0,,0.0,0.0,0.0,0.0,0.0,7.0,7364.0,224.45,222.4
2025-12-01,3.0,184.0,2.0,3.0,4.4,6550.0,218600.0,2842.0,5341.0,9186.0,1488.636,-0.47000000000000003,220750.0,0.0,,0.0,0.0,0.0,0.0,0.0,7.666666666666667,7398.666666666667,220.75,218.6
2026-01-01,11.0,19300.0,5.0,10.0,4.3,7240.0,210333.33333333334,2815.0,4873.0,9147.0,1683.7210000000002,-1.2166666666666666,207875.0,0.0,,0.0,0.0,0.0,0.0,0.0,6.666666666666667,7942.0,207.875,210.33333333333334
2026-02-01,8.0,4920.0,5.0,8.0,4.4,6882.0,218600.0,2794.0,4396.0,9149.0,1564.091,-1.732,221100.0,0.0,,0.0,0.0,0.0,0.0,0.0,7.333333333333333,8134.666666666667,221.1,218.6
2026-03-01,10.0,31100.0,3.0,10.0,4.3,6882.0,209200.0,2791.0,4497.0,9134.0,1600.465,-1.0379999999999998,211000.0,82.0,0.11300853658536586,28.0,43.0,19.0,4.0,34.146341463414636,9.666666666666666,18440.0,211.0,209.2
2026-04-01,5.0,2030.0,3.0,5.0,4.3,6882.0,212500.0,2791.0,4497.0,9134.0,1600.465,-0.85,209500.0,187.0,-0.10359144385026739,102.0,71.0,85.0,14.0,54.54545454545454,7.666666666666667,12683.333333333334,209.5,212.5
